NodeID,Name,Race,Gender
8193,Marc Lawrence,White,Male
4,Jeff Wadlow,,
8197,Shekhar Kapur,,
9,Matty Rich,,
14,Andrew Jarecki,,
8209,Rodrigo Cort--s,,
19,Ira Sachs,,
24,Harold Ramis,White,Male
8217,Scott Mann,,
29,Huck Botko,,
8222,Stevan Mena,,
12293,G--rard Krawczyk,,
34,Christian Alvart,,
8229,Matt Maiellaro,,
39,Mimi Leder,White,Female
8235,Michel Leclerc,,
44,Kevin Reynolds,White,Male
8238,Floyd Mutrux,,
49,Guy Ritchie,White,Male
8245,Gillian Robespierre,,
54,Michael Rymer,,
8201,John Huston,White,Male
59,Paul Fierlinger,,
10933,Molly Bernstein,,
64,Ben Stiller,White,Male
8258,Joe Camp,White,Male
69,Tate Taylor,White,Male
8262,Ryan Coogler,,
9004,Kirk De Micco,,
74,Sam Taylor-Johnson,,
79,Barry Levinson,White,Male
8274,Leos Carax,White,Male
84,Clint Eastwood,White,Male
8206,Paul Fox,,
89,Baz Luhrmann,White,Male
8285,Alan Shapiro,,
94,Michel Orion Scott,,
8287,John Gulager,,
98,James Wong,,
8291,Dan Mazer,,
8293,Mark Dindal,,
103,Marc Forby,,
8296,Clare Kilner,,
108,Luis Llosa,Hispanic,Male
112,Don Bluth,White,Male
117,Melvin Van Peebles,Black,Male
8310,Peter DeLuise,White,Male
8313,Vincent Ward,,
122,Brandon Landers,,
127,Gavin Wiesen,,
8320,Dan Harris,,
131,Mark Pellington,White,Male
136,Mel Gibson,White,Male
8329,Tommy Wirkola,,
141,Takashi Shimizu,,
11403,Caroline Link,,
146,Walter Hill,White,Male
150,Brian Robbins,,
155,Spike Lee,Black,Male
10949,Tim Chambers,,
160,David F. Sandberg,,
165,Frank Lotito,,
170,Tim Hunter,,
8364,Claudia Sainte-Luce,,
175,Paul Mazursky,White,Male
8368,Eric Valette,,
180,,,
8373,Chris Gorak,,
184,Ry--hei Kitamura,,
8378,Kunihiko Yuyama,,
8380,Nick Tomnay,,
189,Alexander Payne,White,Male
8384,Andrucha Waddington,,
194,John Milius,White,Male
8391,Gary Rogers,White,Male
203,Paolo Monico,,
8399,Craig Brewer,,
208,Robert Rodriguez,Hispanic,Male
213,Norman Ferguson,,
8407,Gabor Csupo,,
218,Joachim R--nning,,
223,Kari Skogland,White,Female
8419,Ben Stassen,,
228,J.B. Rogers,,
233,McG,White,Male
8426,Shane Meadows,,
238,Kasi Lemmons,Black,Female
8432,Jugal Hansraj,,
243,Joe Cross,,
8437,Emilio Estevez,White,Male
246,Barry Skolnick,,
251,Kirk Jones,,
255,Mike Judge,White,Male
260,Mike Mills,White,Male
8453,Brian Yuzna,,
264,Wes Anderson,White,Male
269,Henry Jaglom,White,Male
274,Mark Waters,White,Male
279,Josef Rusnak,,
283,Oliver Blackburn,,
8476,Mark Piznarski,,
11739,John Simpson,,
288,Genndy Tartakovsky,,
293,Daniel Columbie,,
8489,Takeshi Kitano,Asian,Male
298,Tadeo Garcia,,
302,John A. Davis,,
307,Albert Brooks,White,Male
8500,Ian Sharp,,
8503,Mary Pat Kelly,,
312,Deepa Mehta,Asian/Indian,Female
316,Peter Hewitt,White,Male
321,DJ Pooh,,
325,Jared Hess,,
330,Stefen Fangmeier,,
339,Daniel Algrant,,
8533,Daniel Espinosa,,
344,Irvin Kershner,White,Male
9615,Benni Diez,,
349,Jason Reitman,White,Male
354,Li Zhang,,
358,Paul Verhoeven,White,Male
8551,Johanna Schwartz,,
8553,Istv--n Szab--,,
363,Thomas Carter,Black,Male
8556,Jack Perez,,
368,Dennis Iliadis,,
8564,Tara Subkoff,White,Female
373,Richard Lester,White,Male
377,John Pasquin,,
381,Marcus Raboy,,
386,Quentin Tarantino,White,Male
391,Guillermo del Toro,Hispanic,Male
11197,Eric Lartigau,,
396,Sam Raimi,White,Male
8590,Carl Franklin,Black,Male
401,John Lee Hancock,,
405,Pete Travis,,
409,Jon Turteltaub,White,Male
414,Michael Tiddes,,
419,S.R. Bindler,,
8612,Shinji Aramaki,,
424,Levan Gabriadze,,
8620,Aleksey German,,
429,Pou-Soi Cheang,,
8624,Susan Stroman,,
433,James Bidgood,,
8628,Carlos Saura,Hispanic,Male
438,Tom Walsh,,
443,Michael Walker,,
8266,Russell Mulcahy,White,Male
448,Neil Jordan,White,Male
8642,Shane Dawson,White,Male
453,Mora Stephens,,
458,Scott Speer,,
8654,Andrew Hyatt,,
463,Jay Chandrasekhar,Asian/Indian,Male
468,Michael Landon Jr.,,
472,Alex Ranarivelo,,
8666,Frank Nissen,,
8271,Allen Coulter,,
476,Pierre Morel,,
8672,Fatih Akin,,
481,Cecil B. DeMille,White,Male
8676,Jon Gunn,,
486,Noel Marshall,,
490,Yimou Zhang,Asian,Male
8684,J.J. Abrams,,
495,Marc Forster,White,Male
500,Frank LaLoggia,,
8694,Tony Maylam,,
505,Bobby Roth,,
8699,Jean-Marc Vall--e,,
8701,Tom Vaughan,,
510,Dave Payne,,
514,Dave Rodriguez,,
8707,Jos-- Padilha,,
519,Bill Muir,,
524,Jaume Collet-Serra,,
8720,Steven R. Monroe,,
529,Michel Hazanavicius,White,Male
533,Robert Harmon,,
8728,Adam Jay Epstein,,
11012,Jon Poll,,
538,Peter Lepeniotis,,
8732,Charlie Levi,,
8734,Michael Hoffman,White,Male
543,William Sachs,,
547,Scott Derrickson,,
9649,James Melkonian,,
552,Mike Mayhall,,
8748,Sam Levinson,,
557,Richard Donner,White,Male
8753,Rajkumar Hirani,,
562,Blair Hayes,,
8758,Kim Farrant,,
567,Irwin Winkler,White,Male
8762,David Raynr,,
572,Fran--ois Girard,,
576,Olivier Megaton,,
8769,Doug Block,,
581,Rob Letterman,,
8776,Ted Demme,White,Male
586,Simon Yin,,
9655,Sharon Maguire,,
8780,William Bindley,White,Male
8782,Lance Hool,,
591,James Algar,,
596,Michael Jai White,Black,Male
8791,James Isaac,,
605,Alan Yuen,,
613,Jonathan Levine,,
8806,Greg Harrison,,
618,Randal Kleiser,White,Male
12391,Robert Rossen,White,Male
8812,James Frawley,,
11026,Tony Bancroft,,
623,Mikael H--fstr--m,,
8819,Ari Kirschenbaum,,
628,Joel Anderson,,
631,Les Mayfield,White,Male
8825,Brandon Trost,,
636,Alejandro G. I----rritu,,
8833,Bob Spiers,,
645,Jeta Amata,,
650,Piyush Dinker Pandya,,
8844,Kevin Jordan,,
655,Jay Roach,White,Male
8850,Steve James,Black,Male
660,Brian Levant,White,Male
8855,Alfonso Cuar--n,,
665,Peyton Reed,White,Male
670,Patrick Tatopoulos,,
674,Joel Schumacher,White,Male
8868,Harry Beaumont,White,Male
679,Burr Steers,,
8873,John Stephenson,,
684,Luke Dye,,
8878,Arie Posin,,
689,Michael Ritchie,White,Male
8883,Jonathan Teplitzky,,
694,George Lucas,White,Male
8888,Sajid Khan,,
698,Karen Moncrieff,,
703,Dave Green,,
708,Adrian Lyne,,Male
713,Garry Marshall,White,Male
8907,Wes Ball,,
717,Michael Schultz,,
8910,Hyung-rae Shim,,
722,Blaz Zavrsnik,,
8915,Amanda Gusack,,
8917,Antonia Bird,,
727,Jon Favreau,White,Male
732,Edward Norton,White,Male
8925,Je-kyu Kang,,
736,Brian Henson,,
8932,Marco Kreuzpaintner,,
741,Ava DuVernay,,
745,John Maclean,,
8938,Antonio Simoncini,,
750,Oliver Hirschbiegel,White,Male
8943,Robert D. Webb,,
754,Mike Leigh,White,Male
759,Courtney Solomon,,
8955,David Palmer,White,Transgender
764,Salvador Carrasco,,
8960,Vijay Chandar,,
769,Alan Poul,,
774,Lisa Azuelos,,
8968,Ron Underwood,White,Male
779,Kevin Lima,White,Male
8972,Roland Suso Richter,,
784,Paul Hunter,,
789,John Ford,White,Male
8985,Kevin Carraway,,
794,Mira Nair,Asian/Indian,Female
8987,Michael Mann,White,Male
799,Paul W.S. Anderson,White,Male
8994,Ray Lawrence,,
804,Peter Billingsley,White,Male
11057,David E. Talbert,,
9002,John Murlowski,,
812,Niall Johnson,,
816,Gus Van Sant,White,Male
821,Andrew Haigh,,
826,Joe Wright,,
9019,Robert Hall,White,Male
831,David Bowers,,
9024,Christopher McQuarrie,,
836,Lars von Trier,White,Male
841,Zach Braff,White,Male
9034,Rupert Sanders,White,Male
845,Chris Columbus,White,Male
850,David Zucker,White,Male
9699,Harmony Korine,White,Male
854,Gore Verbinski,White,Male
9047,Asghar Farhadi,Middle Eastern,Male
859,Paul Tibbitt,,
9052,Jos-- Luis Valenzuela,,
864,Rick Bieber,,
9058,Jean-Fran--ois Richet,,
869,Dick Richards,White,Male
9065,S.S. Rajamouli,,
874,Jeff Nichols,,
879,Alex Gibney,,
882,Gavin Hood,,
887,Luc Besson,White,Male
9081,Rich Moore,,
891,Kathryn Bigelow,White,Female
9706,Christian Duguay,White,Male
896,Penny Marshall,White,Female
9090,Scott Walker,White,Male
8342,Daniel Myrick,White,Male
904,Preston A. Whitmore II,,
9097,Harmage Singh Kalirai,,
908,Anne Fletcher,,
913,Ernie Barbarash,,
917,Andrea Arnold,,
9111,Gary Hardwick,,
922,Frank Marshall,White,Male
9711,Anthony Vallone,,
927,John Boorman,White,Male
9121,Rob Hedden,,
8347,Neill Dela Llana,,
935,Walt Becker,White,Male
9130,Aaron Schneider,,
939,Danny Perez,,
9134,Ramaa Mosley,,
944,Zack Snyder,White,Male
949,Doug Liman,White,Male
9142,Jon Avnet,White,Male
954,Stephen Frears,White,Male
958,Tim Blake Nelson,White,Male
8352,Scandar Copti,,
963,Fred Zinnemann,White,Male
9157,Craig Zobel,,
968,Guy Hamilton,White,Male
973,Paul Michael Glaser,White,Male
978,Justin Paul Miller,,
982,Michael Apted,White,Male
990,Donald Petrie,White,Male
8357,Michael Winner,White,Male
9184,Barry W. Blaustein,,
995,Pat Holden,,
12454,Wayne Beach,,
9190,Richard Raymond,,
1000,Christopher Scott Cherot,,
1004,Jay Duplass,,
9197,Stefan C. Schaefer,,
1008,Woody Allen,White,Male
9203,Catherine Gund,,
1013,Todd Haynes,White,Male
1018,Rohit Jagessar,,
1023,Larry Blamire,,
9217,Livingston Oden,,
12459,Steven Shainberg,,
9221,Andy Garcia,Hispanic,Male
1031,John Cromwell,White,Male
1036,John Carpenter,White,Male
1041,Max Mayer,,
9234,Steve Pink,,
9237,Agust--n D--az Yanes,,
9240,Brian Caunter,,
1050,Deryck Broom,,
1053,Howard Zieff,White,Male
9249,Anthony Bell,,
1061,George A. Romero,,
9257,John Landis,White,Male
1069,Jennifer Wynne Farmer,,
9262,Andrei Tarkovsky,White,Male
1074,Kenneth Branagh,White,Male
9270,Matt Dillon,White,Male
1079,Frank Oz,White,Male
1084,Cassandra Nicolaou,,
9279,Al Silliman Jr.,,
1088,Rod Lurie,White,Male
1092,Richard Benjamin,White,Male
13537,Sadyk Sher-Niyaz,,
11105,Jeremy Sims,,
1096,Mark Herman,,
1100,Oliver Stone,White,Male
9295,Ciar--n Foy,,
1104,Joe Dante,White,Male
1108,John Lafia,,
9301,Robert B. Weide,,
1113,Michael Moore,White,Male
1117,Craig Bolotin,,
1121,Kimberly Peirce,White,Female
1125,Jason Connery,White,Male
1130,Elia Kazan,White,Male
8900,David Atkins,,
1134,Mike Nichols,White,Male
9328,Eric Leighton,,
9330,Brian Klugman,,
1142,Justin Lin,Asian,Male
9335,Gideon Raff,,
1147,Terry George,White,Male
9340,Christophe Barratier,,
9342,Brian Koppelman,,
1151,Kyle Balda,,
1154,Danny DeVito,White,Male
1158,Darren Aronofsky,White,Male
1163,A. Raven Cruz,,
9356,Stuart Gordon,White,Male
1168,Bob Clark,White,Male
1173,Richard Wallace,White,Male
9366,Carl Theodor Dreyer,White,Male
1178,William Dear,White,Male
1182,Peter Weir,White,Male
9377,Charles Chaplin,,
1189,George Miller,White,Male
9384,Joe Cornish,,
1194,Rick Friedberg,,
9388,Avi Nesher,,
1197,Nicolas Winding Refn,White,Male
9392,Jorge R. Guti--rrez,,
12488,Anthony Silverston,,
1202,Daniel Barnz,,
1206,Brandon Camp,,
1210,Jesse Dylan,,
1214,Greg Mottola,White,Male
9409,Tom Sanchez,,
1219,Aaron Hann,,
1221,Tom Tykwer,White,Male
9414,Scott Waugh,,
1223,Robert Altman,White,Male
9416,Damien O'Donnell,,
1228,Norman Jewison,White,Male
9422,Jason Alexander,White,Male
1232,Steven Soderbergh,White,Male
9430,Tom McLoughlin,,
1240,Conor McMahon,,
1244,Jay Russell,,
1249,George Sidney,White,Male
1252,Peter Webber,,
1257,Julio DePietro,,
1263,Brian De Palma,White,Male
9457,Chad Kapper,,
1268,Nicholas Stoller,White,Male
1271,Bruce Hunt,,
9465,Tom Hanks,White,Male
1278,Dennis Hopper,White,Male
1282,Catherine Hardwicke,,
9771,Benny Boom,,
9476,Craig R. Baxley,White,Male
1286,Rakesh Roshan,,
9479,Yarrow Cheney,,
1289,Andy Tennant,White,Male
1293,Martin Scorsese,White,Male
9486,David Lam,,
1295,Andrzej Bartkowiak,,
9488,Damien Dante Wayans,,
9490,Chris Eyre,,
1300,Dylan Bank,,
1305,Ralph Ziman,,
9775,Sam Weisman,,
1309,Seth MacFarlane,White,Male
9502,David Duchovny,White,Male
1312,Stephen Hopkins,White,Male
1316,Francis Ford Coppola,White,Male
9509,Roger Vadim,White,Male
9511,Anna Boden,,
1321,Douglas McGrath,,
9516,Robert Duvall,White,Male
1325,Peter Farrelly,White,Male
9518,Fred Durst,White,Male
1330,Wes Craven,White,Male
9523,Andrew Erwin,,
1332,Wally Pfister,,
9529,R.J. Cutler,,
9531,Kinka Usher,,
9534,Allen Hughes,Black,Male
9536,Joe Roth,White,Male
1345,D.W. Griffith,,
1349,James Mangold,White,Male
9543,Ralph Nelson,White,Male
9546,Garth Jennings,,
1356,Tim Burton,White,Male
1360,Mike Mitchell,,
9555,Louis C.K.,,
1364,Barry Sonnenfeld,White,Male
9558,Nat Faxon,,
1369,John Moore,,
9565,Colin Higgins,,
1374,Eric Darnell,,
1377,Carl Rinsch,,
9572,Paul Bunnell,,
1381,John Hoffman,,
1386,John Glen,White,Male
1389,Richard Glatzer,,
9582,Sean Durkin,,
9584,Alain Resnais,White,Male
1393,Dan Trachtenberg,,
1395,Jonathan Liebesman,,
1398,Brendan Malloy,,
9593,Michael Wadleigh,,
1402,Michael Polish,White,Male
9598,John Gray,White,Male
1407,Beto G--mez,,
1411,Joe Charbanic,,
1415,Sam Mendes,White,Male
9608,Damian Nieman,,
1420,Jacob Aaron Estes,,
1423,Joe Swanberg,White,Male
9619,Qasim Basir,,
1432,Steve Barron,,
1436,Gregory Jacobs,,
9629,Eugenio Derbez,,
1441,Sean Anders,,
1443,Jean-Jacques Annaud,White,Male
1447,David Lynch,White,Male
9641,Ellory Elkayem,,
1452,Michael Dowse,,
9645,Jerry Zaks,,
1457,Brett Ratner,White,Male
9653,Bruno Barreto,White,Male
1463,Tamra Davis,White,Female
9657,Phil Traill,,
1468,Danny Boyle,White,Male
1470,George Tillman Jr.,,
9663,Kevin Donovan,,
9665,Mick Jackson,White,Male
1475,Ivan Engler,,
9670,Keenen Ivory Wayans,Black,Male
1480,Joey Lauren Adams,White,Female
9673,Benedek Fliegauf,,
1484,Kevin Allen,,
9677,Stanley Tong,,
1488,Giovanni Zelko,,
9681,Blake Edwards,White,Male
1492,Richard Linklater,White,Male
1496,Curtis Hanson,White,Male
9690,W.D. Hogan,,
9807,Neil LaBute,White,Male
1503,Tuck Tucker,White,Female
1507,Rob Minkoff,,
9704,Jay Alaimo,,
1514,Guillaume Ivernel,,
1519,John Lasseter,White,Male
9714,Jake Schreier,,
1524,Bruce McDonald,White,Male
9720,Matt Johnson,,
1529,Jack Heller,,
9724,John 'Bud' Cardos,,
1533,David Caffrey,,
9733,Marc F. Adler,,
1543,Shawn Levy,White,Male
9738,Emile Ardolino,White,Male
1550,Michel Gondry,White,Male
1552,Gary Ross,White,Male
9745,Joshua Marston,,
1559,Joseph Mazzella,,
1563,Harald Zwart,White,Male
9762,Anna Muylaert,,
1574,Blair Erickson,,
9769,Tom Elkins,,
1579,Elaine May,White,Female
1583,Brian A Miller,,
1586,Joel Coen,White,Male
9781,Thomas Bezucha,,
1590,Tony Scott,White,Male
9785,Forest Whitaker,Black,Male
1594,James Cameron,White,Male
9790,Jodie Foster,White,Female
9793,Gary Nelson,,
1605,Mitch Davis,,
1608,Jerry Zucker,White,Male
1612,Betty Thomas,White,Female
9805,Sut Jhally,,
8461,Nils Gaup,,
11192,Robert Fontaine,,
12558,Patrick Gilles,,
1623,Jessie Nelson,,
1628,Mikel Rueda,,
9823,Stewart Raffill,,
1635,Anthony Minghella,White,Male
9828,James Kerwin,,
1642,Renny Harlin,White,Male
8466,Baltasar Korm--kur,,
9838,Mabrouk El Mechri,,
1647,Andr-- --vredal,,
1651,Ken Shapiro,,
1655,Bruce Beresford,White,Male
1659,George Armitage,White,Male
9834,Diane English,,
1662,Edward Zwick,White,Male
9855,Jon Hess,,
1666,Emma-Kate Croghan,,
1673,Roland Joff--,,
1677,M. Night Shyamalan,Asian/Indian,Male
1681,Florence Ayisi,,
9875,Lisa Cholodenko,White,Female
1686,Matthew R. Anderson,,
1690,Alan Cohn,,
12570,Michael Meredith,,
1694,Matthew Diamond,,
1699,Cary Bell,,
9892,Frank Whaley,White,Male
9902,Henry Bean,,
9906,Christopher Landon,,
1719,James Toback,White,Male
1723,Charles Martin Smith,White,Male
1727,Kevin Spacey,White,Male
9920,Sterling Van Wagenen,,
1731,William Malone,,
9924,Todd Field,,
1734,Dario Argento,White,Male
9927,Leigh Whannell,,
1737,Michael Patrick King,,
1741,Stuart Beattie,,
9934,Georg Wilhelm Pabst,,
1745,Tyler Perry,Black,Male
9940,Charles Stone III,,
1749,Richard Williams,,
1753,Hayao Miyazaki,Asian,Male
1758,Randy Moore,,
8485,Peter Chelsom,,
1762,Benson Lee,,
9851,Gary Halvorson,,
1766,Peter Howitt,,
1770,Rob Reiner,White,Male
1774,Davis Guggenheim,White,Male
1777,James Ivory,White,Male
1780,Andrew Wilson,White,Male
9976,Ricki Stern,,
1788,Lawrence Guterman,,
1793,Henry Alex Rubin,,
9990,Alex Rivera,,
1802,Dustin Hoffman,White,Male
1805,Karyn Kusama,,
1808,Gillian Armstrong,White,Female
10001,Kelly Asbury,,
1813,Sean McNamara,,
1818,Ron Maxwell,,
1821,Clark Gregg,White,Male
1826,David Robert Mitchell,,
1828,John Turturro,White,Male
10028,Tommy O'Haver,,
1839,Gilles Paquet-Brenner,,
10033,Cheryl Dunye,,
1844,Stanley Kramer,White,Male
10037,Michael Cimino,White,Male
10039,Don Scardino,,
1849,Jay Levey,,
1852,Michael Patrick Jann,White,Male
10045,David Mirkin,,
1854,Mark Romanek,,
1857,Kevin Macdonald,White,Male
1861,Bob Saget,White,Male
10056,Nigel Cole,,
1866,Phillip Noyce,White,Male
1870,Mark Steven Johnson,,
9869,Edgar Wright,White,Male
10065,Robert Towne,White,Male
1875,Stephen Carpenter,,
10069,Rick de Oliveira,,
1880,Vicky Jewson,,
1887,Sylvester Stallone,White,Male
10085,Nacho Vigalondo,,
1894,Johnny Remo,,
9873,Greg Tiernan,,
1898,Nelson McCormick,,
10092,Dan Reed,,
1903,Andrew Traucki,,
10098,Peter MacDonald,,
1907,Michael Bay,White,Male
1910,Shane Acker,,
10104,Paul Donovan,,
1915,Jay Oliva,,
10110,Tom Putnam,,
1920,Noah Baumbach,White,Male
10113,James Mather,,
1923,Don Coscarelli,White,Male
9878,Dexter Fletcher,White,Male
1926,Raja Gosnell,White,Male
1931,Robert Stevenson,White,Male
10124,Michael Crichton,White,Male
1934,Jake Kasdan,White,Male
10430,Shekar,,
1936,Patrick Stettner,,
10131,Petter N--ss,,
1941,Steve Martino,,
1944,Tony Gilroy,White,Male
10137,Isaac Florentine,,
1949,Gavin O'Connor,White,Male
8517,Sherman Alexie,American Aborigine,Male
1952,Andrew Davis,White,Male
10145,Ronny Yu,,
10149,Lance Kawas,,
1960,Juan Jos-- Campanella,,
10155,Robert M. Young,White,Male
1965,John Stainton,,
1969,Kevin Smith,White,Male
1973,John Madden,White,Male
10167,Paul Weitz,White,Male
1977,Richard J. Lewis,,
10173,David Winters,,
1985,John Blanchard,,
10182,Jonas --kerlund,,
10184,Dan Scanlon,,
10186,Brian Dannelly,,
1996,Joan Chen,Asian,Female
10189,Christian Ditter,,
1999,Ric Roman Waugh,,
2003,Todd Solondz,White,Male
10196,Kevin Brodie,,
10201,Ren-- F--ret,,
2010,Roger Allers,,
2014,Sam Miller,,
10207,John Laing,,
2019,Jason Miller,White,Male
2024,Wade Gasque,,
10217,Jafar Panahi,Middle Eastern,Male
11261,John H. Lee,,
2032,Daniel Schechter,,
2036,Tobe Hooper,White,Male
2038,Steven Zaillian,White,Male
10235,Sam Martin,,
10242,James Gunn,,
2054,Todd Lincoln,White,Female
2057,Sydney Pollack,White,Male
2060,Jonathan Demme,White,Male
10254,Michael Pressman,,
10256,Eric Schaeffer,White,Male
2065,Anne Fontaine,,
10261,Steve Trenbirth,,
2070,Craig Moss,,
10265,Panos Cosmatos,,
2075,Antony Hoffman,,
2080,Martin Campbell,White,Male
10275,Billy Bob Thornton,White,Male
2087,Willard Huyck,,
2089,Mel Smith,White,Male
10285,Fritz Lang,White,Male
10289,Mark Christopher,,
2098,Anand Tucker,,
10294,Fenton Bailey,,
2103,Jim Chuchu,,
2108,Ron Shelton,White,Male
10301,Chris D'Arienzo,,
10304,Raymond De Felitta,,
2113,Craig Gillespie,,
10308,Charles Ferguson,White,Male
2117,Daniel Petrie Jr.,White,Male
10310,Beeban Kidron,,
10313,David Lowery,White,Male
9911,Martyn Pick,,
8546,David Nixon,,
2126,Tony Bill,,Male
2131,Alex Cox,White,Male
2133,Paul McGuigan,,
2137,Callie Khouri,,
10331,Christophe Ali,,
2141,William Kaufman,,
2145,Shari Springer Berman,,
10339,Barbet Schroeder,White,Male
2149,Steve Miner,White,Male
9346,Sally Potter,,
2155,Christine Jeffs,,
10351,John Ottman,,
2160,John McTiernan,White,Male
10353,Damien Chazelle,,
2163,Miguel Arteta,Hispanic,Male
10359,Richard Eyre,,
10363,Jack Sholder,White,Male
2172,George Roy Hill,White,Male
2177,David DeCoteau,White,Male
10373,Tom Green,White,Male
2182,Laurent Cantet,,
2184,Pete Jones,,
2186,Jonathan Mostow,White,Male
10379,Ash Brannon,,
2189,Ron Howard,White,Male
2192,Phil Lord,,
10385,Maria Maggenti,,
10388,John Schultz,,
2200,Hideaki Anno,,
10394,Gerald Potterton,,
2204,Todd Graff,,
10403,David G. Evans,,
2213,Neema Barnette,,
2217,Nathan Frankowski,,
2223,Dennis Dugan,White,Male
10418,Hideo Nakata,,
2231,Paul Crowder,,
2234,Rob Cohen,White,Male
2238,Stewart Hendler,,
2242,Patrick Read Johnson,White,Male
2246,Neil Marshall,,
2251,Matthew Watts,,
10445,Alexander Witt,,
2255,Dennie Gordon,,
2257,Nora Ephron,White,Female
2262,William Eubank,,
10455,Lloyd Bacon,White,Male
2267,Andrew Adamson,,
2270,Pitof,,
10464,Andrea Di Stefano,,
2275,Bernardo Bertolucci,White,Male
10468,Jennifer Flackett,,
10470,Alister Grierson,,
2279,Christian Carion,,
10474,Adrienne Shelly,White,Female
2287,Gary Chapman,,
10481,Philip G. Atwell,,
2290,Rowan Joffe,,
10486,Denzel Washington,Black,Male
10491,Steve Rash,,
2302,James DeMonaco,,
2306,David Yates,White,Male
10499,Prachya Pinkaew,,
10501,David S. Goyer,,
2311,Nicholas Meyer,White,Male
2315,Ridley Scott,White,Male
8578,Gurinder Chadha,Asian/Indian,Female
2320,Chris Atkins,White,Male
2325,Michael McGowan,,
10518,Giuseppe Tornatore,,
10523,Julie Davis,,
2338,Mennan Yapo,,
2342,Taylor Hackford,White,Male
2345,Scott Hicks,,
2349,Stephen Sommers,White,Male
10545,Nathan Smith Jones,,
2354,David Dobkin,,
2357,Eli Craig,,
2362,Chao-Bin Su,,
9951,Keith Parmer,,
10558,Heidi Ewing,,
2368,Alec Asten,,
10561,Emily Dell,,
2370,Joe Nussbaum,,
2374,Peter Jackson,White,Male
10570,Mabel Cheung,,
2379,Andr--s Couturier,,
2384,Pedro Almod--var,,
10577,Ari Sandel,,
10579,Andrew Morahan,,
2389,Anton Corbijn,White,Male
2393,Oleg Stepchenko,,
10590,Guy Maddin,White,Male
2407,Stephen Gaghan,,
2411,Robert Ben Garant,,
2414,Etan Cohen,,
2417,Roland Emmerich,White,Male
2421,Bille Woodruff,,
10615,Seth Gordon,,
2424,Paul Bolger,,
2428,Joon-ho Bong,,
2430,Rand Ravich,,
8597,Luke Greenfield,,
10625,Michael Dinner,,
2435,Denis Villeneuve,,
10631,Stephen Chbosky,White,Male
2443,Leon Ford,,
2450,Christopher Cain,,
2452,Bryan Singer,White,Male
10650,Eric Nicholas,,
2461,Evan Goldberg,White,Male
10656,Robert Heath,,
2466,Sofia Coppola,White,Female
10661,Chris Marker,White,Male
2471,Arjun Sablok,,
2474,Tom Hooper,White,Male
2476,Michael Caton-Jones,,
2481,Katsuhiro --tomo,,
10674,J.A. Bayona,,
2484,Costa-Gavras,White,Male
2490,Jeff Kanew,,
10684,Daniel Sackheim,,
10690,Florian Henckel von Donnersmarck,White,Male
2499,Pece Dingo,,
2502,Frank Darabont,White,Male
2507,Dean Wright,,
2515,Julian Jarrold,,
10711,Ken Loach,White,Male
2520,Dinesh D'Souza,Asian/Indian,Male
2525,Mark Illsley,,
10718,Matthew Hastings,,
2530,Bob Odenkirk,White,Male
10724,Robert Lorenz,,
2535,Michael Winterbottom,White,Male
2539,Jon Lucas,,
2543,Robert Mulligan,White,Male
2548,H.M. Coakley,,
10743,Malcolm Goodwin,,
2555,Thomas Vinterberg,White,Male
2559,Ben Affleck,White,Male
2561,David Twohy,White,Male
2565,Bob Rafelson,White,Male
2570,Brian Trenchard-Smith,,
2578,Ken Annakin,White,Male
2582,Alejandro Monteverde,,
2590,Mary Lambert,,
10783,Karey Kirkpatrick,,
2594,Goran Dukic,,
10788,Angelo Pizzo,,
2599,Thorbj--rn Christoffersen,,
10793,Ivan Kavanagh,,
2603,Scott Marshall,,
2605,Rawson Marshall Thurber,,
10798,Ruba Nadda,,
2610,Morgan Spurlock,White,Male
2615,Vincent Gallo,White,Male
2619,Doug Atchison,,
10812,Danny Leiner,,
10814,Jim Sonzero,,
2623,Tony Kaye,,
2626,Lee Toland Krieger,,
10823,Neil Mcenery-West,,
2632,Mike Figgis,White,Male
10826,Tim Heidecker,White,Male
2637,Jake Goldberger,,
10831,Kundan Shah,,
2642,Ti West,White,Male
2647,--ric Tessier,,
2651,Michael Cohn,,
10844,Ben Lewin,,
10846,Rodman Flender,White,Male
2657,Kerry Conran,,
2661,Wayne Kramer,,
10854,Frank Borzage,White,Male
2663,Ryan Murphy,White,Male
10856,Gregory Poirier,,
2668,Amy Heckerling,White,Female
10862,Adam Goldberg,White,Male
2671,Don Mancini,,
2674,Hironobu Sakaguchi,Asian,Male
10870,Ethan Maniquis,,
2683,Steven Spielberg,White,Male
10876,James Mottern,,
2688,Terrence Malick,White,Male
2693,Joel Paul Reisig,,
2698,Chuan Lu,,
2701,Kevin Munroe,,
10895,Kenneth Johnson,,
2706,Jean-Marie Poir--,,
10905,James Nunn,,
2714,Rita Merson,,
2717,Clay Kaytis,,
10913,Jeff Schaffer,,
2722,Carol Reed,White,Male
10916,Scott Ziehl,,
12742,Lee Unkrich,,
2727,Julian Gilbey,,
10921,Anthony C. Ferrante,,
2732,Robert Greenwald,White,Male
10927,Daryl Wein,,
2737,Siddharth Anand,,
2741,Charles S. Dutton,,
10938,Corey Grant,,
2747,David Lean,White,Male
2750,Theodore Witcher,,
2757,Robert Zemeckis,White,Male
10953,Inna Evlannikova,,
2762,John Patrick Shanley,,
10957,Shona Auerbach,,
10959,Steve Antin,White,Male
2771,Carlos Saldanha,,
2773,Wayne Thornley,,
10966,Fedor Bondarchuk,,
2776,F. Gary Gray,Black,Male
10970,Shyam Madiraju,,
10975,Hayley Cloake,,
2786,Robert Adetuyi,,
10979,Edward Dmytryk,White,Male
2789,Griffin Dunne,White,Male
10985,Aki Kaurism--ki,,
2794,Kurt Hale,,
10989,George Stevens,White,Male
2798,Collin Schiffli,,
10992,Duncan Tucker,,
2801,Lana Wachowski,White,Transgender
10995,Natalie Bible',,
11424,Joseph Green,,
2807,Ben Falcone,White,Male
8660,Steve McQueen,White,Male
11003,Maurice Joyce,,
11006,Tung-Shing Yee,,
2820,Hong-jin Na,,
11393,Ken Del Conte,,
2825,Bill Plympton,White,Male
2827,Andrew Dominik,,
11020,Ari Folman,,
11022,Vic Armstrong,,
8664,Fernando Le--n de Aranoa,,
2834,Billy Ray,White,Male
2839,Jason Naumann,,
2842,James Wan,,
11038,Mel Stuart,White,Male
2847,Damir Catic,,
2850,James Dodson,,
11044,Errol Morris,White,Male
2858,Paul Feig,White,Male
2862,Roger Avary,White,Male
2865,Tom Shadyac,White,Male
2869,Todd Phillips,White,Male
11062,Clark Baker,,
11066,Peter Sohn,,
12767,John Reinhardt,Black,Male
2876,Douglas Cheek,,
2883,Brad J. Silverman,,
11077,Christopher Barnard,,
2887,William Friedkin,White,Male
2890,Andy Fickman,,
11083,Greg Marcks,,
2894,Victor Salva,White,Male
11092,Ward Roberts,,
11099,Rob Hawk,,
2909,Rafa Lara,,
2913,Dean Israelite,,
11108,Byron Howard,,
2918,Peter Ho-Sun Chan,,
2921,Paul Haggis,White,Male
2923,Gary McKendry,,
2928,Kirk Loudon,,
11121,Danny Provenzano,,
11411,Mateo Gil,,
2937,Bob Fosse,White,Male
11130,Chris Carter,White,Male
2942,Asger Leth,,
2946,Greg Coolidge,,
2950,John Carney,White,Male
11143,Ed Gass-Donnelly,,
2953,D.J. Caruso,,
11153,Wilson Yip,,
2962,Travis Legge,,
2967,Mamoru Hosoda,,
11162,Ossie Davis,Black,Male
2972,Richard Ayoade,Black,Male
10053,Noam Murro,,
2977,William Wyler,White,Male
11170,Peter Landesman,,
11172,Gregor Jordan,,
2984,Khyentse Norbu,,
11179,Robert Bennett,White,Male
2991,Warren P. Sonoda,,
2998,Scott Kalvert,,
3000,Tommy Lee Jones,White,Male
3005,John Cameron Mitchell,White,Male
11201,Andy Cadiff,,
3011,Amat Escalante,,
11205,Jon Wright,,
11210,Steve Bendelack,,
3020,Yorgos Lanthimos,,
11215,Stefan Schwartz,,
11217,Gabriela Tagliavini,,
3029,Sergio Leone,White,Male
11222,Dan Curtis,White,Male
8697,Adam Green,,
12376,Alex Zamm,,
3035,Chris Noonan,,
11229,Tom McGrath,,
11232,Liz Friedlander,,
3044,Nancy Walker,White,Female
3049,Stig Bergqvist,,
11242,Eric Bugbee,,
3052,David Fincher,White,Male
3056,Andrew Niccol,White,Male
11257,Patricia Rozema,White,Female
3066,Trey Parker,White,Male
3069,Jan de Bont,White,Male
11264,Howard Hawks,White,Male
3074,Daniel Lee,Black,Male
11268,Jaime Zevallos,,
11270,Michael J. Bassett,,
3079,Jim Abrahams,White,Male
11279,Mitchell Altieri,,
3088,Whit Stillman,White,Male
11281,Christopher Erskin,,
3091,George Hickenlooper,White,Male
3095,Erik White,,
11288,Neal Brennan,,
3098,Len Wiseman,White,Male
3111,Adam Rapp,,
12132,Justin Kerrigan,,
3118,Terry Gilliam,White,Male
11312,Matthew O'Callaghan,,
3122,Stephen Daldry,White,Male
11315,Jonas Elmer,,
3125,Hue Rhodes,,
3132,Robert Luketic,,
3138,Robert Townsend,Black,Male
11331,James David Pasternak,,
11333,Patrick Hughes,White,Male
3143,Brian Gibson,,
11337,Matt Jackson,,
3146,Lasse Hallstr--m,,
3149,Terence Young,White,Male
3151,Rob Bowman,White,Male
11344,Simon Napier-Bell,White,Male
3158,Brenda Chapman,,
3167,Ang Lee,Asian,Male
11362,Mark Griffiths,,
3172,Takao Okawara,,
11368,Dan Fogelman,,
11370,Sacha Bennett,,
11453,Charles Robert Carner,,
3187,John Waters,White,Male
11380,Denys Arcand,White,Male
3190,Tom Holland,White,Male
11383,Henry King,White,Male
3194,Atom Egoyan,Other,Male
11387,Karim A--nouz,,
3196,John Luessenhop,,
11389,Colin Strause,,
3198,Abel Ferrara,White,Male
3201,Robert Stromberg,,
11395,Cedric Nicolas-Troyan,,
3205,Matt Bettinelli-Olpin,,
11398,William A. Fraker,White,Male
3207,Kate Connor,,
3211,Warren Beatty,White,Male
3215,John Erick Dowdle,,
3219,Dany Boon,,
3224,Agnieszka Holland,White,Female
3228,Jean-Pierre Jeunet,White,Male
3232,John Schlesinger,White,Male
3236,Darren Lynn Bousman,White,Male
3241,Stephen Chow,Asian,Male
3247,Mel Brooks,White,Male
11441,Darin Scott,,
3250,Robert Redford,White,Male
11444,Bruce Campbell,White,Male
3254,Marc Webb,,
3258,Chuck Bowman,,
3261,Robert Cary,,
3266,Uli Edel,White,Male
3268,Harry Gantz,,
3270,Michael Gornick,,
11465,Peter Ramsey,,
9929,Dean DeBlois,,
3277,Ulu Grosbard,White,Male
11469,Bo Zenga,,
3281,Elizabeth Banks,White,Female
3284,Allison Anders,White,Female
3290,Michael D. Sellers,,
3292,Adam Shankman,White,Male
11485,E.L. Katz,,
3295,Michael Mayer,,
3299,Brad Furman,,
3302,Katherine Dieckmann,,
3306,David O. Russell,White,Male
11508,Nickolas Perry,,
11510,John R. Leonetti,,
11512,Drew Goddard,,
11476,Miguel Sapochnik,,
3322,Adam Brooks,,
3327,John Francis Daley,White,Male
3335,James L. Brooks,White,Male
3338,Matt Reeves,White,Male
11536,Louis Morneau,,
3348,Tony Goldwyn,White,Male
11542,Chris Nahon,,
3352,Douglas Aarniokoski,,
3354,Julie Anne Robinson,,
12114,Nick Hurran,,
11549,Sngmoo Lee,,
10117,--mile Gaudreault,,
11552,Brian Baugh,,
3362,Jeannot Szwarc,,
3367,Billy Wilder,White,Male
11562,Jorma Taccone,White,Male
3372,Don Michael Paul,,
11566,Lori Silverbush,,
11569,Leslie H. Martinson,White,Male
3380,Nima Nourizadeh,,
3384,Jim Goddard,,
3387,Peter Kassovitz,,
3390,Craig Mazin,,
11584,Florent-Emilio Siri,,
3393,Chris Rock,Black,Male
11587,Michael Cristofer,White,Male
3396,John Stockwell,White,Male
3401,William Arntz,,
11594,Dave Meyers,,
3406,Edward Burns,White,Male
11600,Andrew Currie,,
3410,Liliana Cavani,,
11491,Ayan Mukerji,,
10126,Marianna Palka,,
3415,Jason Friedberg,,
11609,Kelly Makin,,
3419,Kurt Wimmer,White,Male
3424,Thomas L. Phillips,White,Male
3428,Stanley Donen,White,Male
11624,Debra Granik,,
3433,Michael Martin,White,Male
3437,Matthew Robbins,,
11630,Phil Claydon,,
3441,Hugh Hudson,,
11635,Claudia Llosa,,
3445,Vincenzo Natali,White,Male
3455,Barry Cook,,
3457,Mathieu Kassovitz,White,Male
11652,Deborah Anderson,,
3462,Andr--s Muschietti,,
11656,Terron R. Parsons,,
3468,Jon Knautz,,
11664,Catherine Owens,,
3473,Simeon Rice,,
3475,John Hillcoat,,
3480,Takashi Yamazaki,,
11676,Carmen Marron,,
3488,Vic Sarin,,
11682,Chris Robinson,White,Male
3493,Gonzalo L--pez-Gallego,,
11689,Rachel Perkins,,
3498,John Cornell,,
3503,Jonathan Caouette,,
3508,Chuck Russell,,
11702,Jaco Booyens,,
3511,Adam McKay,,
9937,Ruggero Deodato,White,Male
11707,David Oelhoffen,,
3516,Allan Arkush,White,Male
11711,John Michael McDonagh,,
3521,Larry Charles,White,Male
11717,Dagur K--ri,,
3530,Joe Johnston,White,Male
11724,Mervyn LeRoy,White,Male
3535,Dennis Gansel,,
3539,Charles Binam--,,
3544,Roman Polanski,White,Male
3547,Frank Perry,White,Male
3550,Pierre Coffin,,
11743,Brad Copeland,,
11747,Georgia Hilton,,
3556,Michael McCullers,,
3559,David Silverman,,
11754,Andrew Berends,,
3563,Don Siegel,White,Male
11756,Jesse Vaughan,,
3567,Michael Sucsy,,
11763,Anthony O'Brien,,
3575,Finn Taylor,,
3581,Jean-Paul Rappeneau,,
3588,Pete Docter,,
3593,James Gray,White,Male
11787,Kate Barker-Froyland,,
3598,Zoran Lisinac,,
3603,Bigas Luna,White,Male
11799,Max Joseph,,
3609,Teddy Chan,,
11803,Katherine Brooks,,
3612,Malcolm D. Lee,Black,Male
11808,David Winning,,
3617,David Mamet,White,Male
3620,Ralph Fiennes,White,Male
11813,Laurence Dunmore,,
3622,Kristin Rizzo,,
11818,Rania Attieh,,
3627,Victor Nunez,,
13487,U. Roberto Romano,,
11822,Trent Cooper,,
8797,Niki Caro,,
3635,Mike Hodges,White,Male
11829,John D. Hancock,White,Male
3640,Daniel Mellitz,,
3642,Jeremy Leven,White,Male
3647,Sheldon Lettich,,
3649,Rowdy Herrington,,
3653,David Frankel,White,Male
11846,Marilyn Agrelo,,
3657,Gaspar No--,,
11851,Sai Varadan,,
3661,Steve Oedekerk,White,Male
11855,Chris Roberts,,
3664,David Cronenberg,White,Male
11860,Benjamin Dickinson,,
11862,David Carson,,
3672,William Gazecki,,
11866,Benedikt Erlingsson,,
3682,Jee-woon Kim,,
11880,Martin McDonagh,,
3698,M--ns M--rlind,,
11891,Tina Gordon Chism,,
3700,Steve Buscemi,White,Male
11893,Charles Shyer,,
3705,Jir-- Menzel,,
11902,Tim Robbins,White,Male
3713,Kaige Chen,Asian,Male
10762,John McNaughton,White,Male
3716,Tim Story,,
3721,Mike Nawrocki,,
11921,Hsiao-Hsien Hou,,
11927,David S. Ward,White,Male
3737,Kief Davidson,,
11930,Dito Montiel,,
3742,Steve Carver,White,Male
3744,Jim Sheridan,White,Male
3750,Carroll Ballard,White,Male
3752,Nick Gomez,,
3756,Craig Johnson,,
11949,Vicente Amorim,,
11953,Michael Chapman,White,Male
3763,Marc Bennett,White,Male
3767,Ryan Little,,
11961,John Badham,White,Male
11963,Colin Trevorrow,,
3772,Josh Gordon,,
3776,Perry Lang,,
3778,Ivan Reitman,White,Male
3782,Troy Duffy,,
3785,John Whitesell,,
3788,Steven Brill,White,Male
11983,Jorge Gaggero,,
3792,Bobby Farrelly,White,Male
3794,Matthew Vaughn,White,Male
11988,Dan Perri,,
3803,Chris Weitz,,
3805,Peter Cattaneo,White,Male
12000,Jessica Bendinger,,
12004,Tommy Lee Wallace,,
3814,Darren Stein,,
12007,Audrey Wells,,
11559,Ham Tran,,
12012,Stephen Kijak,,
3821,Stephen Herek,White,Male
12016,Hilary Brougher,,
3829,C--dric Klapisch,,
12022,Ash Baron-Cohen,,
3832,Bart Freundlich,White,Male
3837,Oliver Parker,,
12033,Shane Carruth,White,Male
3846,Neil Burger,,
12041,Kiyoshi Kurosawa,,
3855,Jamel Debbouze,,
12048,Britt Allcroft,,
10494,David Pastor,,
3859,Chris Koch,,
12054,Christopher Smith,,
3864,Gnana Rajasekaran,,
12062,Fabi--n Bielinsky,,
8837,Eric Lavaine,,
3873,Gil Kenan,,
12066,Eric England,,
12068,Martha Coolidge,White,Female
3877,Werner Herzog,White,Male
12073,Robert Marcarelli,,
3885,Rohit Jugraj,,
3889,Jim Hanon,,
3894,Kelly Reichardt,,
12088,Francesca Gregorini,,
3897,Mort Nathan,,
3901,Joe Chappelle,,
3904,Tamara Jenkins,,
12097,Kevin Bray,,
3911,Jeff Crook,,
12301,George Cukor,White,Male
3914,Daniel Barber,,
3918,Jamie Travis,,
12111,Juraj Jakubisko,,
3922,Joe Pytka,,
3926,Bill Benenson,,
3928,Nancy Meyers,White,Female
12127,Justin Tipping,,
3937,Alexandre Aja,,
3940,Gary David Goldberg,,
12136,Jacques Perrin,White,Male
3946,Babak Najafi,,
12140,John Duigan,White,Male
3950,Michael Spierig,,
3954,Mark Rydell,White,Male
3958,David Schwimmer,White,Male
12151,Chatrichalerm Yukol,,
12153,David Moreau,,
3963,Susanna White,,
3967,Troy Miller,,
12163,James Fargo,White,Male
3972,Jonathan English,,
12166,James Ponsoldt,,
3976,Jaume Balaguer--,,
3978,Brett Leonard,White,Male
12173,Daniel Stamm,,
12177,Analeine Cal y Mayor,,
3987,Alessandro Carloni,,
3989,Mike Disa,,
8857,Lexi Alexander,,
3992,John Sayles,White,Male
12185,William Cottrell,,
12188,Leslye Headland,,
3997,Joe Berlinger,,
4000,Jennifer Yuh Nelson,,
4004,Llu--s Qu--lez,,
12199,Hal Needham,White,Male
4011,David Gordon Green,,
12204,Elizabeth Allen Rosenbaum,,
4018,David Ayer,White,Male
4020,Cory Edwards,,
8862,Dominique Othenin-Girard,,
4025,Hao Ning,,
12219,George Jackson,Black,Male
4028,Bruce McCulloch,White,Male
4035,Eytan Fox,,
4040,Henry Joost,,
12235,Rob Pritts,,
4047,Richard Curtis,,
4053,Lynn Shelton,,
4058,Jonathan Newman,,
4062,Jon M. Chu,,
12255,David Ray,,
4067,Jim Jarmusch,White,Male
4073,James Manera,,
4082,Stacy Peralta,White,Male
12275,Christopher Hutson,,
4085,Kevin Costner,White,Male
4093,Richard Fleischer,White,Male
11605,Shimit Amin,,
12288,Valentine,Black,Female
4101,Jamie Blanks,,
4109,Sergey Bondarchuk,,
4112,Sidney Lumet,White,Male
12305,Lori Petty,White,Female
4117,Joe Kenemore,,
4119,Gabriele Muccino,,
4126,Joss Whedon,White,Male
4133,Michael Dougherty,,
12329,Katja von Garnier,,
4138,Sammo Kam-Bo Hung,,
12334,Conor McPherson,,
4143,Christophe Gans,,
4149,Pawel Pawlikowski,,
4154,Richard Rich,,
12349,Woo-Suk Kang,,
4159,Benh Zeitlin,,
4161,Fred Dekker,,
12355,Dena Seidel,,
4164,Rusty Cundieff,Black,Male
4174,Jim Issa,,
12370,Claude Chabrol,White,Male
4180,Mike Newell,White,Male
4184,Nick Murphy,,
11620,Ron Fricke,,
4187,Reginald Hudlin,Black,Male
8890,Peter Stebbings,White,Male
4193,Bronwen Hughes,,
4199,Brad Anderson,White,Male
13506,Antonio Banderas,Hispanic,Male
12394,Derick Martini,,
4205,Agnieszka Wojtowicz-Vosloo,,
12399,Tomas Alfredson,,
4209,Stephen J. Anderson,,
12405,Cyrus Nowrasteh,,
4215,Warren Sheppard,,
8895,Leonard Nimoy,White,Male
4222,Mario Van Peebles,Black,Male
12415,David Gelb,,
12419,Janusz Kaminski,White,Male
4229,Cristian Mungiu,,
4235,John Woo,Asian,Male
4238,Gregory Hoblit,White,Male
12431,Alejandro Agresti,,
4240,Brian Helgeland,White,Male
12436,Ted Post,White,Male
4246,Michael Haneke,White,Male
4249,Timur Bekmambetov,,
12449,Nick Hamm,,
10267,Eric Styles,,
4262,Simon West,White,Male
4267,Sue Corcoran,,
4269,Phyllida Lloyd,,
4271,Francis Lawrence,White,Male
4278,David LaChapelle,,
12471,Marc Abraham,,
12477,Barrett Esposito,,
12480,Lawrence Kasanoff,,
10272,Hal Haberman,,
12484,Joshua Tickell,,
4294,J. Lee Thompson,White,Male
4296,Hunter Richards,,
12740,Ferzan Ozpetek,,
4298,John Herzfeld,White,Male
4301,Barbra Streisand,White,Female
4308,Jeremy Brock,,
12505,Amy Holden Jones,,
4316,Deb Hagan,,
12510,Youssef Delara,,
4320,David McNally,,
4324,Bill Condon,White,Male
12521,Cody Cameron,,
4330,Dean Parisot,White,Male
4333,Antoine Fuqua,Black,Male
4335,Mark Young,,
12528,John Crowley,White,Male
4340,Lance Rivera,,
12534,Hart Bochner,White,Male
4344,Richard Brooks,White,Male
11647,Laurent Tirard,,
4349,Russell Crowe,White,Male
12545,Brian Percival,,
4354,Susanne Bier,White,Female
4356,Christopher Guest,White,Male
12550,Erik Canuel,,
4362,Tommy Oliver,,
12556,Christopher M. Bessette,,
4366,Arthur Hiller,White,Male
4370,Jonathan Dayton,,
12563,William A. Graham,,
4378,Wolfgang Petersen,White,Male
12572,Duane Journey,,
4383,Linda Mendoza,,
12577,John Gatins,,
12581,Steve Box,,
4390,Rachel Talalay,,
4394,Gia Coppola,,
12587,David Webb Peoples,,
12590,Jonathan Hensleigh,,
4399,Adam Rifkin,White,Male
12592,Daisy von Scherler Mayer,White,Female
4402,Kevin Greutert,,
4405,Christopher Nolan,White,Male
4408,Grant Heslov,White,Male
4413,Aleksandr Veledinskiy,,
12610,Hans Petter Moland,,
4420,Darren Grant,,
12613,Bonnie Hunt,White,Female
4424,Jason Bateman,White,Male
12617,J Blakeson,,
4428,Walter Lang,White,Male
4433,David R. Ellis,,
12627,Joel Gallen,,
4438,Monte Hellman,White,Male
12631,Khalid Mohamed,,
4441,Joseph Kosinski,White,Male
4444,Charles Adelman,,
12639,Robinson Devor,,
4454,Don Taylor,,
12647,Cal Brunker,,
4456,Andrew Douglas,,
4461,Alex van Warmerdam,,
12655,--tienne Faure,,
4466,Christian Volckman,,
12660,Bruce Macdonald,,
4476,Courtney Hunt,,
12671,Peter Faiman,,
12675,Anna Mastro,,
4487,Ole Bornedal,,
12680,Reinhard Klooss,,
4493,Stanley Kubrick,White,Male
11672,Lena Dunham,White,Female
4498,Harald Reinl,,
4503,Jonathan Frakes,White,Male
4506,Jessy Terrero,,
12698,Moustapha Akkad,Middle Eastern,Male
4511,Jason Zada,,
4514,Jonathan Kesselman,,
4519,David Sington,,
4522,Hans Canosa,,
4524,Robert Butler,White,Male
8946,Jonathan Meyers,,
4529,Mike McCoy,,
4534,Milos Forman,White,Male
12731,Alex Craig Mann,,
4540,Floria Sigismondi,,
12735,Peter Hastings,,
4548,Justin Chadwick,,
4550,Aaron Seltzer,,
12745,Henry Koster,White,Male
8951,Danny Steinmann,,
4558,Jane Campion,White,Female
4563,Paolo Sorrentino,,
12756,Peter Atencio,,
4570,Akira Kurosawa,Asian,Male
4575,Philip Zlotorynski,,
4580,Tim Hill,,
12775,Patrick Ryan Sims,,
12777,Jamie Thraves,,
12781,Adam Carolla,White,Male
12784,Alan Rudolph,White,Male
4596,Dan Zukovic,,
12790,Jane Clark,,
4600,L--a Pool,,
4603,Spike Jonze,White,Male
12798,Kriv Stenders,,
10325,Mike Cahill,,
4608,Justin Dillon,,
12801,Franco Zeffirelli,White,Male
4610,Albert Hughes,Black,Male
12803,Emily Young,,
4613,Peter Berg,White,Male
12806,Bryan Barber,,
4619,Matt Birch,,
4621,Lenny Abrahamson,,
12815,Laurie Collyer,,
4627,Steven Quale,,
4634,Olivier Dahan,,
11695,Melville Shavelson,White,Male
12828,Jamaa Fanaka,,
12833,Mike Bruce,,
4643,Stanton Barrett,,
12837,Eddie O'Flaherty,,
4646,Scott Cooper,,
4648,Risa Bramon Garcia,,
12844,Gordon Chan,,
4653,Luis Mandoki,,
10333,Jeremy Saulnier,,
12852,Bob Dolman,,
4662,Howard Hughes,White,Male
4667,Chris Stokes,,
12861,Jerome Elston Scott,,
4673,Maurizio Benazzo,,
12868,Fina Torres,,
10337,Nicholas Hytner,,
4680,James Bobin,,
12873,Ricky Gervais,White,Male
4685,Lynne Ramsay,White,Female
4689,Geoffrey Sax,,
12884,Bennett Miller,,
12891,Vincente Minnelli,White,Male
4703,Travis Zariwny,,
8976,Peter Care,,
12898,Jamin Winans,,
4707,Lee Tamahori,Multiracial,Male
12902,Daniel Taplitz,,
4712,Marcus Dunstan,,
4717,Mona Fastvold,,
12913,John Maybury,,
4727,Marielle Heller,,
12925,Phil Morrison,,
8981,Steve Hickner,,
4737,Michael Lembeck,White,Male
4744,John Singleton,Black,Male
12939,Richard Dutcher,,
12955,Zackary Adler,,
4764,David Wain,White,Male
4766,George Clooney,White,Male
4768,Mark Mylod,,
12962,St--phane Aubier,,
4771,Simon Wincer,White,Male
12970,Dave Carroll,,
12975,J--r--me Salle,,
12979,--lex de la Iglesia,,
4788,Jeffrey St. Jules,,
4793,Clive Barker,White,Male
4799,Stephen Hillenburg,White,Male
4808,Eric Bross,,
13002,Penelope Spheeris,White,Female
4813,Ian Iqbal Rashid,,
4817,Patrick Gilmore,White,Male
13013,Hoyt Yeatman,,
4825,Gary Shore,,
4828,Alex Proyas,White,Male
13023,Nadia Tass,,
4832,Mark L. Lester,White,Male
4834,Pat O'Connor,,
13028,Jez Butterworth,,
13030,Brandon Cronenberg,,
4842,Todd Strauss-Schulson,,
13036,Brian Dorton,,
4845,Peter Sollett,White,Male
4850,Morgan Neville,,
4853,Joseph Gordon-Levitt,White,Male
13048,David Anspaugh,White,Male
4858,Jean-Luc Godard,White,Male
4861,Frederik Du Chau,,
4864,Steven Seagal,White,Male
13058,Gabe Ib----ez,,
4867,Jem Cohen,,
4873,Alex Kendrick,,
13066,Gerry Lively,,
4878,Laurent Bouhnik,,
4881,Louis Leterrier,,
13075,Daniele Luchetti,,
4889,John Frankenheimer,White,Male
13089,Jehane Noujaim,,
4899,Tom Seidman,,
12711,Robert Kenner,,
4905,Jesse Peretz,,
13099,Sylvain Chomet,,
4908,William Brent Bell,,
4911,Kris Isacsson,,
10376,Tom Kalin,,
4914,Mark Tarlov,,
13108,Sean Byrne,,
4923,James Marsh,,
13117,Vivek Agnihotri,,
4926,Gary Fleder,White,Male
9013,Timothy Hines,,
4929,Jean-Jacques Mantello,,
4931,Randall Wallace,White,Male
13124,Nnegest Likk--,,
4935,David M. Matthews,,
4939,Steve Carr,,
4942,Eric Brevig,,
4947,Vladlen Barbe,,
4950,Ronald Neame,White,Male
13144,Adam Marcus,,
4955,Randall Miller,,
4959,Amal Al-Agroobi,,
13153,Anthony Mann,White,Male
4966,Jamal Hill,,
4968,Michael Clancy,,
13164,Hank Braxtan,,
4973,Lloyd Kaufman,White,Male
13167,Chris Buck,,
4977,Chris Butler,,
4981,Breck Eisner,,
4983,Lone Scherfig,White,Female
4985,John Putch,White,Male
13178,Marius A. Markevicius,,
13183,Ken Roht,,
13186,John Bonito,,
4997,Masayuki Ochiai,,
5002,Serdar Akar,,
13196,Stuart Gillard,,
5009,Henry Hobson,,
13209,Lucile Hadzihalilovic,,
5019,Christian Sesma,,
13220,Babar Ahmed,,
5031,JK Youn,,
13224,Gregory Widen,,
5033,Mickey Liddell,,
13227,Simon Curtis,,
5038,John Fortenberry,,
13232,Bo Welch,,
5041,Ernest R. Dickerson,Black,Male
13236,Tom Reeve,,
5045,Roger Donaldson,White,Male
13238,David Jacobson,,
13243,J.S. Cardone,,
5054,Guillaume Canet,White,Male
13248,Kurt Voss,,
5057,Jeff Lowell,,
5062,Paul Andrew Williams,,
10807,Vadim Perelman,,
5066,Sam Firstenberg,White,Male
11767,Katt Shea,,
13261,David Hewlett,White,Male
9037,Ryan Fleck,,
5072,Patricia Riggen,,
5075,Will Gluck,White,Male
13269,Gene Quintano,,
5082,Brad Bird,White,Male
13278,Ingmar Bergman,White,Male
13284,Katie Aselton,White,Female
5094,Judd Apatow,White,Male
13288,Jack Conway,White,Male
5100,Jun Falkenstein,,
9042,Doug Walker,,
11773,Sharon Greytak,,
13296,Matt Cimber,,
10409,Luis Valdez,,
5112,Drake Doremus,,
13306,Matt Williams,,
5117,Wallace Wolodarsky,,
5120,Efram Potelle,,
5123,James Cox,White,Male
5128,Ryan Smith,,
13323,Dror Moreh,,
5132,Andr-- T--chin--,,
5136,Stefan Ruzowitzky,,
5140,Liv Ullmann,White,Female
5145,Harold Becker,White,Male
13338,Dan Ireland,,
13340,Menno Meyjes,,
5149,Wych Kaosayananda,,
13343,Jorge Blanco,Hispanic,Male
5153,Maggie Carey,,
13346,Stephen Milburn Anderson,,
13349,Eric Blakeney,,
5162,Martin Ritt,White,Male
13363,Fernando Baez Mella,,
5172,Roger Kumble,White,Male
13365,Jonathan Wacks,,
5178,Ken Kwapis,,
5183,Enrique Begne,,
5187,Stephen Kay,,
5191,Nicholas Jarecki,,
5196,Joshua Oppenheimer,,
5198,Salim Akil,,
13392,Nadine Labaki,,
12721,Peter R. Hunt,,
5203,Andrew Bujalski,,
5205,Howard Deutch,White,Male
5207,Sidney J. Furie,White,Male
5216,Zack Ward,,
13410,Daniel Hsia,,
5221,Steve Taylor,,
5225,Russ Meyer,White,Male
5229,John Guillermin,White,Male
5233,Rachel Goldenberg,,
5237,Robert C. Cooper,,
13431,Steven E. de Souza,,
5240,Akiva Schaffer,White,Male
13434,Rohan Sippy,,
13436,Mars Callahan,,
5246,Andrew Bergman,White,Male
13442,Thea Sharrock,,
5252,Andrew Fleming,White,Male
13445,Sarah Smith,,
5255,Leonard Farlinger,,
13453,Tim Boxell,,
5262,Reed Cowan,,
13457,Dominic Burns,,
5268,R. Balki,,
13461,Vondie Curtis-Hall,Black,Male
5272,James Foley,White,Male
9071,Ariel Vromen,,
5279,Bob Gosse,,
5283,Roger Michell,,
13169,Alison Maclean,,
13480,Sol Tryon,,
5291,Mike van Diem,,
5295,Vincent Paronnaud,,
13493,Phil Alden Robinson,White,Male
11906,Patty Jenkins,,
5304,David Hunt,White,Male
13498,Luca Guadagnino,,
5307,Alan Taylor,White,Male
5309,Pan Nalin,,
13502,Henry Hathaway,White,Male
13504,Bob Giraldi,,
5314,Dan O'Bannon,White,Male
10443,Ritesh Batra,,
13510,Terence Davies,White,Male
5320,Sarah Gavron,White,Female
9079,Uwe Boll,White,Male
5325,Khalil Sullins,,
13519,Mor Loushy,,
5329,Dave Borthwick,,
5333,Richard Kwietniowski,,
5345,Meiert Avis,,
5350,Fr--d--ric Forestier,,
10449,Dan Gilroy,,
5352,Steve Beck,,
13545,Anthony Hickox,White,Male
5356,Ben Wheatley,,
13549,Fred Walton,,
13551,Sarik Andreasyan,,
5360,Juan Carlos Fresnadillo,Hispanic,Male
13554,Bradley Rust Gray,,
5364,Jerry Rees,,
5368,Yash Chopra,,
5376,Lance Mungia,,
9088,Chad Hartigan,,
5379,George Gallo,,
5382,Will Finn,,
5387,Vidhu Vinod Chopra,,
5389,Keith Gordon,White,Male
5391,Greg Berlanti,,
5404,Russell Holt,,
9093,William H. Macy,White,Male
5411,Tim McCanlies,White,Male
5414,Stephen Norrington,White,Male
5417,James McTeigue,,
5421,Mike Marvin,,
5427,Iain Softley,White,Male
5429,Mark Neveldine,,
8637,Hark Tsui,,
5435,Marcos Siega,,
5438,Taedong Park,,
5441,J.C. Chandor,,
5445,David Hackl,,
5456,Kevin Hamedani,,
5460,John G. Avildsen,White,Male
5462,Eric Mendelsohn,,
5466,Nicole Holofcener,White,Female
5469,Boris Rodriguez,,
5478,Valeri Milev,,
13201,Andrew Leman,,
5482,Sara Sugarman,,
5486,Ted Kotcheff,White,Male
5490,Rich Cowan,,
5494,Chris Wedge,,
5498,Chris Shadley,,
11839,Troy Nixey,,
5506,Mark Brown,,
5513,Robert Lee King,,
5519,Jorge Ram--rez Su--rez,,
5524,Eric Eason,,
5529,Peter Cousens,,
5532,Peter Yates,White,Male
5537,Rupert Wyatt,,
5540,Klaus Menzel,,
5542,Jonathan Parker,,
5547,Michael Kang,,
5556,Jon Kasdan,,
5562,Angelina Jolie Pitt,,
5568,Nicholas Fackler,,
5573,Jeff Garlin,White,Male
5578,Joseph Dorman,,
5582,Dwight H. Little,,
5584,Joshua Logan,White,Male
5594,Tom Gormican,,
5596,David Kellogg,,
5610,Bill Melendez,Hispanic,Male
5618,Andrew Stanton,,
5621,Doug Lefler,,
5626,Dominic Sena,White,Male
5634,Peter Hedges,,
5637,Tony Richardson,White,Male
5643,Patrick Creadon,,
5648,Paul Thomas Anderson,White,Male
5651,Fran--ois Truffaut,,
5653,Sam Fell,,
5658,Rob Marshall,,
5665,Lucio Fulci,White,Male
5670,Anthony Powell,White,Male
5676,Robert Sarkies,,
5678,Tom McCarthy,,
5680,Glenn Ficarra,,
5686,Roger Christian,White,Male
5692,Mark Tonderai,,
5700,Paul Schrader,White,Male
10010,David Nutter,,
5709,Siddiq Barmak,,
10509,Chris Paine,,
5712,Sanaa Hamri,,
5718,Eric Bress,,
5727,Gene Teigland,,
5743,Philip Saville,,
10622,Mary Harron,White,Female
5749,Larry Clark,White,Male
5753,George P. Cosmatos,White,Male
5760,Franklin J. Schaffner,White,Male
5764,Ma--wenn,,
9153,Catherine Jelski,,
5769,Peter Medak,White,Male
5772,Travis Romero,,
5776,Perry Andelin Blake,,
5783,Deon Taylor,,
5785,Mark Osborne,,
5795,Ashish R. Mohan,,
5798,Herbert Ross,White,Male
5811,George Ratliff,,
5816,Rich Christiano,,
12196,Mathieu Amalric,White,Male
5823,Frank Sebastiano,,
5828,Frank Capra,White,Male
5834,John Dahl,White,Male
5838,David Leland,,
9165,Peter Lord,,
5841,Rob Schmidt,White,Male
5847,Derrick Borte,,
5852,D. Stevens,White,Male
5856,Richard Schenkman,,
5860,Fred Wolf,,
5866,Stephen Langford,,
5868,Frank Coraci,White,Male
9170,Fred Savage,White,Male
5878,Gerard Johnstone,,
10537,Hugh Johnson,,
5882,Jamie Babbit,,
5887,Michael Herz,,
5892,Jerry Belson,,
9174,Jerry Jameson,,
5894,Martin Weisz,,
5901,Shane Black,,
5906,Majid Majidi,,
11908,Julien Temple,White,Male
13274,Kay Pollak,,
5920,Giuliano Montaldo,,
5925,Charles Herman-Wurmfeld,,
5930,Roger Nygard,,
5932,Gil Junger,White,Male
5939,Remo,,
5941,Ringo Lam,Asian,Male
5946,Bill Paxton,White,Male
5950,Tom DiCillo,White,Male
10549,Joshua Michael Stern,,
5956,Tarsem Singh,,
5967,Zach Cregger,,
5972,Andrey Konchalovskiy,,
5974,Jonathan Jakubowicz,,
5978,Nicholas Ray,White,Male
5984,Pascal Arnold,,
5989,Tomm Moore,,
5994,Becky Smith,,
6002,Nick Cassavetes,White,Male
6010,Scott Dow,,
6015,Allison Burnett,,
6020,Simon Wells,White,Male
6023,Robert Schwentke,White,Male
6039,Richard Shepard,,
6046,Feroz Abbas Khan,,
10566,Martin Koolhoven,,
6055,Udayan Prasad,,
6060,Justin Molotnikov,,
6068,Wayne Wang,Asian,Male
6072,Chan-wook Park,Asian,Male
6075,Lawrence Kasdan,White,Male
9205,Maggie Greenwald,White,Female
6082,Danny Pang,,
6085,Chris Miller,White,Female
6088,Sean Penn,White,Male
6093,Lajos Koltai,,
6101,Frank Miller,White,Male
6104,Zal Batmanglij,,
6108,Marcio Garcia,,
9210,Christopher Morris,,
6113,King Vidor,White,Male
6117,Paul Abascal,,
9751,Rupert Wainwright,White,Male
6126,Hitoshi Matsumoto,,
6128,Nimr--d Antal,,
6131,Robby Henson,,
6133,Scott Foley,White,Male
13312,Nicholaus Goossen,,
6146,Daston Kalili,,
6153,Jeff Tremaine,White,Male
6163,Jim Mickle,,
6165,Peter Segal,White,Male
6179,C. Jay Cox,,
6181,Bibo Bergeron,,
6185,Richard Attenborough,White,Male
6188,Susan Seidelman,White,Female
6200,Max F--rberb--ck,,
6203,Fran--ois Ozon,,
6206,Ol Parker,,
6210,Jeff Burr,,
6213,Richard LaGravenese,White,Male
6218,Duncan Jones,White,Male
11959,Bradley Parker,,
6224,Duke Johnson,,
6228,Theodore Melfi,,
6233,Vipul Amrutlal Shah,,
6241,Josh Schwartz,White,Male
6244,Brad Silberling,White,Male
6246,Richard Loncraine,White,Male
6251,David Slade,,
6255,Tom Ford,White,Male
6265,Neill Blomkamp,White,Male
6271,Tyler Oliver,,
6276,Alfred Hitchcock,White,Male
6279,Lewis Gilbert,White,Male
6284,Sylvain White,,
11970,Harold Cronk,,
6288,Michael Lehmann,White,Male
6299,Bruce Paltrow,,
6305,Cathy Malkasian,,
6309,Jonathan Kaplan,White,Male
9245,Zak Penn,,
6322,Brett Piper,,
6324,Karan Johar,Asian/Indian,Male
6335,Kar-Wai Wong,,
6341,Julie Taymor,White,Female
6345,Kenny Ortega,White,Male
6350,Stephan Elliott,,
6354,Scott Smith,White,Male
6356,Glen Morgan,,
6358,Lee Daniels,Black,Male
6365,Paul Gross,White,Male
6370,Roger Spottiswoode,White,Male
6374,Dave McKean,,
6377,Darnell Martin,,
6383,Jerome Robbins,White,Male
6389,Drew Barrymore,White,Female
6391,Igor Kovalyov,,
6398,Walter Salles,White,Male
6403,Maryam Keshavarz,,
6409,Tony Jaa,Asian,Male
6415,Martin Brest,White,Male
6421,Dan Rush,,
6423,Alan J. Pakula,White,Male
6430,Gina Prince-Bythewood,,
6436,Regardt van den Bergh,,
6443,Thaddeus O'Sullivan,,
11997,Eldar Rapaport,,
6448,Jeremy Degruson,,
6453,Darrell Roodt,,
6456,Josh Trank,,
6462,Joe Carnahan,White,Male
6467,Philip Kaufman,White,Male
6472,Scott Stewart,,
6480,Annabel Jankel,,
6486,Alejandro Amen--bar,,
13370,James Gartner,,
6494,Shana Feste,,
6498,Kim Nguyen,,
6503,Jason Trost,,
10642,Don Hall,,
6514,Spencer Susser,,
6517,Luc Jacquet,,
6526,Gareth Edwards,,
6528,Xavier Gens,,
6536,Jeff Nathanson,,
6542,Alan Alda,White,Male
6547,Peter Hyams,White,Male
6551,Sam Peckinpah,White,Male
9284,Jon Stewart,White,Male
6557,Wil Shriner,,
6562,Michael Burke,,
6570,Sergey Bodrov,,
6577,Kevin Hooks,Black,Male
6580,Michael Anderson,White,Male
6585,Kabir Sadanand,,
6593,Camille Delamarre,,
6603,Lukas Moodysson,,
6606,Kenneth Lonergan,,
6610,Jim Amatulli,,
6615,Tony Krantz,,
6620,Michael Taliferro,,
6625,Akiva Goldsman,,
6628,Richard Kelly,White,Male
6632,Jackie Earle Haley,,
6642,Jason Moore,,
6646,Thomas Lilti,,
6651,Myles Berkowitz,,
10666,Corbin Bernsen,White,Male
13397,Bobcat Goldthwait,White,Male
6660,Steve Gomer,,
6671,Martin Lawrence,Black,Male
6673,Gary Trousdale,,
6675,John Hamburg,,
6677,Angela Robinson,,
6682,Raja Menon,,
6688,Harley Cokeliss,,
6705,John Polson,,
6711,Randall Rubin,,
6716,Andrew Steggall,,
6719,John Curran,,
6722,Josh Boone,,
6726,Lucky McKee,,
6728,David Cross,White,Male
6732,Michael Corrente,White,Male
6735,P.J. Hogan,,
6738,Thor Freudenthal,White,Male
13045,Dewey Nicks,,
6740,Gregory Nava,,
6745,Michael Curtiz,White,Male
10682,Peter M. Cohen,,
9317,Richard Boddington,,
6752,Michael Roemer,,
6755,Jonathan Lynn,White,Male
6758,Michael O. Sajbel,,
6764,Oren Moverman,,
6770,Lucrecia Martel,,
6778,Jon Shear,,
6782,Patrick Lussier,,
6802,Jeb Stuart,White,Male
6805,Robert Eggers,,
6813,Mike Barker,,
6817,Al Franklin,,
6830,K. King,,
6834,Nathan Greno,,
6839,Benjamin Roberds,,
6843,Patricia Cardoso,,
6848,Sanjay Rawal,,
6850,Stuart Baird,,
6858,Chuck Sheetz,,
6865,Scott Frank,,
6868,Steve Boyum,,
6873,Mark Sandrich,White,Male
6877,Phil Joanou,White,Male
6883,Hugh Wilson,White,Male
6886,Alex Smith,White,Male
6892,Mark Helfrich,,
6901,Mike Binder,White,Male
6903,Joby Harold,,
6906,Ian Fitzgibbon,,
6908,Richard E. Grant,White,Male
6914,Wolfgang Becker,,
6921,Cameron Crowe,White,Male
6925,Yuefeng Song,,
6930,Jon Cassar,,
9778,Paul Weiland,,
6939,Matt Piedmont,,
6944,Ken Scott,,
6946,E. Elias Merhige,,
6950,Anurag Basu,,
12081,Tim Fywell,,
6955,Carlos Carrera,,
6967,Kirk Wong,,
11416,Pascal Chaumeil,,
6978,Isabel Coixet,,
6980,Mark Andrews,White,Male
6987,Justin Thomas Ostensen,,
6990,Demian Lichtenstein,,
6992,Richard Marquand,White,Male
6997,Mike Flanagan,,
7003,Herb Freed,,
7010,Rakeysh Omprakash Mehra,,
7016,Brad Peyton,,
7018,Paul King,,
12093,Lauren Lazin,,
7024,Michael Radford,,
7028,Eli Roth,White,Male
7037,Ed Harris,White,Male
7042,Joel Zwick,White,Male
7049,James Schamus,,
7054,Harry Elfont,,
7060,Jon Hurwitz,,
7066,Jack Smight,White,Male
9370,Matthew Bright,White,Male
13056,Dan Cutforth,,
7072,Harry F. Millarde,,
7076,James Watkins,White,Male
7082,Joel Edgerton,White,Male
7088,Tay Garnett,White,Male
7094,Jill Sprecher,,
10740,James O'Brien,White,Male
12106,Sara Newens,,
7108,Colin Minihan,,
7111,Jody Hill,,
7115,Bruce Malmuth,,
7120,Patrick Meaney,,
7124,Marco Schnabel,,
7127,Danny Cannon,White,Male
7139,Justin Zackham,,
7143,Mike Gabriel,,
7147,Lorene Scafaria,,
7149,Paul Greengrass,White,Male
7159,Xavier Beauvois,,
7161,Clark Johnson,Black,Male
7163,Saul Dibb,,
7165,Robert Moresco,,
7168,James Bridges,White,Male
10753,Diane Keaton,White,Female
7195,Travis Cluff,,
7198,Anthony Russo,,
7201,Noah Buschel,,
7209,Lance McDaniel,,
7211,Edward Hall,White,Male
7215,Matt Walsh,,
7224,Kevin Tenney,,
7229,Robert Iscove,White,Male
7235,Nae Caranfil,,
7241,Fred Schepisi,White,Male
7252,Nicolae Constantin Tanase,,
7257,Leon Ichaso,,
9402,Bruce Dellis,,
7262,Mitchell Lichtenstein,,
7264,Kevin Rodney Sullivan,Black,Male
7269,Wajahat Rauf,,
7274,Shintaro Shimosawa,,
10770,Jerry Dugan,,
7280,Vicky Jenson,,
7287,Orson Welles,White,Male
7296,Sylvio Tabet,,
7299,Mike Bigelow,,
7303,Kimble Rendall,,
7305,Ben Younger,,
7309,Nick Love,,
7311,Mic Rodgers,,
7313,Alan Parker,White,Male
7317,RZA,Black,Male
7326,Chris Kentis,,
7338,Tran Anh Hung,,
7340,Mikael Salomon,,
13512,Rick Rosenthal,White,Male
7348,Morgan J. Freeman,,
7354,David Soren,,
7358,Morten Tyldum,,
7366,Mary McGuckian,,
7376,Ron Clements,White,Male
7379,Robin Budd,,
7383,Fede Alvarez,,
7388,Michael Hoffman Jr.,,
7396,Jon Amiel,White,Male
7399,Ed Decter,,
7404,Lowell Sherman,,
7412,J--r--me Deschamps,,
7415,Charles Matthau,,
7421,Tom Dey,,
7426,Olivier Assayas,White,Male
7430,Daniel Davila,,
7432,Rick Famuyiwa,,
7436,Jennifer Finnigan,White,Female
7441,Sharron Miller,,
7446,Marc Levin,,
7449,Tim Johnson,White,Male
7453,Joseph Sargent,White,Male
7458,Eug--ne Louri--,,
7461,Ole Christian Madsen,,
9436,Don Kempf,,
10802,Jason Eisener,,
7478,Rob Zombie,White,Male
7480,Terry Zwigoff,White,Male
7490,Paul Bartel,White,Male
9441,Corey Yuen,,
7496,Christian E. Christiansen,,
7499,Jeff Franklin,,
7503,Mark Rosman,,
7507,Joseph Ruben,White,Male
9444,Rob McKittrick,,
7517,Jimmy Hayward,,
7520,Anthony Hemingway,,
7523,Alice Wu,,
13542,Christopher Spencer,,
7528,C. Fraser Press,,
7537,John Carl Buechler,,
7539,George Nolfi,,
7554,Geoff Murphy,,
10818,William Shatner,White,Male
7572,Claude Miller,,
7575,Kat Coiro,,
7595,Rebecca Miller,,
7609,Oren Peli,,
7612,Stiles White,,
7618,Romesh Sharma,,
7620,David Boyd,,
7622,Tony Giglio,,
7628,Russell Friedenberg,,
7633,Rodrigo Garc--a,,
10620,Franck Khalfoun,,
7647,Boaz Yakin,White,Male
7652,Ronan Chapalain,,
7656,Gary Winick,White,Male
7658,Ericson Core,,
7661,Rian Johnson,,
7667,Kirsten Sheridan,,
7671,Quentin Dupieux,,
7674,William Phillips,White,Male
7678,Kent Alterman,,
7686,Bill Duke,Black,Male
7691,Alex Garland,,
7701,Miranda July,,
7708,Johnnie To,Asian,Male
12259,Billy Kent,,
7714,Ray Griggs,,
7719,Laslo Benedek,White,Male
7727,Jason Stone,,
7729,Timothy Bj--rklund,,
7734,Patrice Leconte,White,Male
7740,Alan Jacobs,,
12213,Collin Joseph Neal,,
10849,Kevin Tancharoen,,
7755,Lionel C. Martin,,
7757,Jim Field Smith,,
7760,David Hayter,White,Male
7763,Ice Cube,Black,Male
7769,Chia-Liang Liu,,
7775,Timothy Woodward Jr.,,
7782,Bille August,White,Male
7804,Joshua Seftel,,
7807,Ruben Fleischer,,
7812,Michael Winnick,,
7818,Tim Miller,,
7823,Mariette Monpierre,,
12227,Graham Annable,,
7830,Joseph Zito,White,Male
7837,Richard Montoya,,
7840,Vera Farmiga,White,Female
7844,Stuart Hazeldine,,
7849,Carter Smith,,
7855,Maksim Fadeev,,
12232,Henry Selick,White,Male
7860,Marcus Nispel,,
7867,Joe Marino,,
7880,Jeffrey W. Byrd,,
7883,Charlie Kaufman,White,Male
7887,Scott Alexander,,
7893,Tom Brady,White,Male
7897,Gary Sinyor,,
12239,Joseph L. Mankiewicz,White,Male
7902,Allan Dwan,White,Male
7907,Leslie Small,,
7910,Ethan Coen,White,Male
7919,Robert Wise,White,Male
12539,Ekachai Uekrongtham,,
7932,Alan Metter,,
7934,Nanette Burstein,,
7941,Lisanne Pajot,,
7945,Gary Sherman,,
7948,John Eng,,
7957,Jim Gillespie,,
7959,Tanner Beard,,
12250,Christopher Leitch,,
7967,Nate Parker,,
7969,John Wells,,
7974,David Koepp,White,Male
7984,Fr--d--ric Auburtin,,
7988,Will Canon,,
7993,Gareth Evans,,
7995,Derek Cianfrance,,
8000,Jonathan Glazer,,
8005,Andrey Zvyagintsev,,
8010,Newt Arnold,,
10893,Douglas Trumbull,White,Male
8019,John Sturges,White,Male
8025,David Worth,,
8042,Ruairi Robinson,,
8046,Charles T. Kanganis,,
8048,Michael Cuesta,,
8054,Fernando Meirelles,,
8059,Peter Flinth,,
8070,Des McAnuff,,
8075,Peter H. Hunt,,
8080,Julian Schnabel,White,Male
8084,Walter Murch,,
8091,Michael Tollin,,
8094,Jake Scott,,
8096,Mark A.Z. Dipp--,,
8102,Peter Kosminsky,,
8110,Damon Santostefano,,
8112,Olatunde Osunsanmi,,
8116,Marc Sch--lermann,,
8127,Brenton Spencer,,
8139,Niels Arden Oplev,,
8143,Lijun Sun,,
8151,Joseph Kahn,,
8154,Tom Schulman,,
8160,Jake Paltrow,,
8164,Jim Fall,,
8170,Tod Williams,,
8182,Victor Fleming,White,Male
8188,Caryn Waechter,,
